<?xml version="1.0" encoding="UTF-8" ?>
<document>
<!--The data in this file is primarily intended for consumption by Xilinx tools.
The structure and the elements are likely to change over the next few releases.
This means code written to parse this file will need to be revisited each subsequent release.-->
<application name="pn" timeStamp="Mon Aug 09 12:53:17 2010">
<section name="Project Information" visible="false">
<property name="ProjectID" value="3A80C4F9CFD8449890B96FAEBB9DE393" type="project"/>
<property name="ProjectIteration" value="5" type="project"/>
<property name="ProjectFile" value="C:/Users/Chirag Sangani/Documents/Verilog/SDLXProcessor/SDLXProcessor.xise" type="project"/>
<property name="ProjectCreationTimestamp" value="2010-06-30T12:11:52" type="project"/>
</section>
<section name="Project Statistics" visible="true">
<property name="PROP_Enable_Message_Filtering" value="false" type="design"/>
<property name="PROP_FitterReportFormat" value="HTML" type="process"/>
<property name="PROP_LastAppliedGoal" value="Timing Performance" type="design"/>
<property name="PROP_LastAppliedStrategy" value="SmartXplorer - Par High Effort 1;C:/Users/Chirag Sangani/Documents/Verilog/SDLXProcessor/parhigheffort1.xds" type="design"/>
<property name="PROP_ManualCompileOrderImp" value="false" type="design"/>
<property name="PROP_PropSpecInProjFile" value="Store all values" type="design"/>
<property name="PROP_SelectedInstanceHierarchicalPath" value="/SDLXProcessor/ProgMem" type="process"/>
<property name="PROP_Simulator" value="ISim (VHDL/Verilog)" type="design"/>
<property name="PROP_SynthOptEffort" value="High" type="process"/>
<property name="PROP_SynthTopFile" value="changed" type="process"/>
<property name="PROP_Top_Level_Module_Type" value="HDL" type="design"/>
<property name="PROP_UseSmartGuide" value="false" type="design"/>
<property name="PROP_UserBrowsedStrategyFiles" value="C:/Xilinx/12.1/ISE_DS/ISE/spartan3e/data/spartan3e_performance_without_iobpacking.xds" type="process"/>
<property name="PROP_UserConstraintEditorPreference" value="Text Editor" type="process"/>
<property name="PROP_intProjectCreationTimestamp" value="2010-06-30T12:11:52" type="design"/>
<property name="PROP_intWbtProjectID" value="3A80C4F9CFD8449890B96FAEBB9DE393" type="design"/>
<property name="PROP_intWbtProjectIteration" value="5" type="process"/>
<property name="PROP_intWorkingDirLocWRTProjDir" value="Same" type="design"/>
<property name="PROP_intWorkingDirUsed" value="No" type="design"/>
<property name="PROP_selectedSimRootSourceNode_behav" value="work.PROGMEM" type="process"/>
<property name="PROP_xilxMapTimingDrivenPacking" value="true" type="process"/>
<property name="PROP_xilxPARplacerEffortLevel" value="High" type="process"/>
<property name="PROP_xilxPARrouterEffortLevel" value="High" type="process"/>
<property name="PROP_xilxSynthGlobOpt" value="Maximum Delay" type="process"/>
<property name="PROP_xilxSynthKeepHierarchy" value="Soft" type="process"/>
<property name="PROP_xilxSynthRegBalancing" value="Yes" type="process"/>
<property name="PROP_xstEquivRegRemoval" value="false" type="process"/>
<property name="PROP_xstPackIORegister" value="No" type="process"/>
<property name="PROP_AutoTop" value="true" type="design"/>
<property name="PROP_DevFamily" value="Spartan3E" type="design"/>
<property name="PROP_DevDevice" value="xc3s500e" type="design"/>
<property name="PROP_DevFamilyPMName" value="spartan3e" type="design"/>
<property name="PROP_MapExtraEffort" value="Normal" type="process"/>
<property name="PROP_xilxPARextraEffortLevel" value="Normal" type="process"/>
<property name="PROP_DevPackage" value="fg320" type="design"/>
<property name="PROP_Synthesis_Tool" value="XST (VHDL/Verilog)" type="design"/>
<property name="PROP_DevSpeed" value="-5" type="design"/>
<property name="PROP_PreferredLanguage" value="Verilog" type="design"/>
<property name="FILE_UCF" value="1" type="source"/>
<property name="FILE_VERILOG" value="10" type="source"/>
</section>
</application>
</document>
